0,佳苗るか
1,波多野結衣
2,宮崎あや
3,上原亜衣
4,阿部乃みく
5,松本メイ
6,水野朝陽
7,AIKA
8,大槻ひびき
9,蓮実クレア
10,高橋しょう子
11,川上ゆう
12,JULIA
13,篠田あゆみ
14,涼川絢音
15,かすみ果穂
16,美咲かんな
17,羽月希
18,なごみ
19,浜崎真緒
20,明日花キララ
21,鈴村あいり
22,乙葉ななせ
23,篠田ゆう
24,神ユキ
25,椎名そら
26,麻里梨夏
27,吉川あいみ
28,跡美しゅり
29,園田みおん
30,香山美桜
31,尾上若葉
32,西條るり
33,佐々木あき
34,澁谷果歩
35,南梨央奈
36,三上悠亜
37,あべみかこ
38,澤村レイコ
39,さとう愛理
40,つぼみ
41,桜木優希音
42,桜井あゆ
43,春原未来
44,風間ゆみ
45,乃々果花
46,石原莉奈
47,倉多まお
48,北川エリカ
49,湊莉久
50,神波多一花
51,愛須心亜
52,橋本ありな
53,あおいれな
54,さとう遥希
55,初美沙希
56,小早川怜子
57,吉沢明歩
58,小西まりえ
59,早川瀬里奈
60,佐山愛
61,鈴木心春
62,本田莉子
63,明里つむぎ
64,椎名ゆな
65,凰かなめ
66,なつめ愛莉
67,広瀬うみ
68,波木はるか
69,天使もえ
70,ANRI
71,沖田杏梨
72,天海つばさ
73,松本菜奈実
74,小野麻里亜
75,千乃あずみ
76,里美ゆりあ
77,有村千佳
78,伊東ちなみ
79,水城奈緒
80,碧しの
81,市川まさみ
82,美泉咲
83,高千穂すず
84,奥田咲
85,夢乃あいか
86,希美まゆ
87,吉永あかね
88,紺野ひかる
89,星野ナミ
90,あやみ旬果
91,紗倉まな
92,七草ちとせ
93,北見かなみ
94,友田彩也香
95,西川ゆい
96,姫川ゆうな
97,成瀬心美
98,長谷川るい
99,推川ゆうり
